T√≠tulo,Pre√ßo (R$),Avalia√ß√£o,Bairro,Im√≥vel,H√≥spedes,Camas,Quartos,Banheiros,Cozinha,Wi-Fi,Piscina
FLAT PARTICULAR NO MELIA  - AV. IBIRAPUERA,110,4.9,Indian√≥polis,Flat inteiro,2,1,1,1,Tem,Tem,Tem
Studio novinho a 300 m metr√¥ - Self check in,117,4.8,Consolacao,Apartamento inteiro,5,3,0,1,Tem,Tem,Tem
Studio encantador em S√£o Paulo pr√≥ximo ao metr√¥,110,4.87,Consolacao,Flat inteiro,2,1,1,1,Tem,Tem,Tem
Flat mobiliado ao lado do Hospital Sirio Liban√™s,80,4.61,Bela Vista,Flat inteiro,2,1,1,1,Tem,Tem,N√£o tem
Su√≠te moderna com cama de casal no Brooklin,54,4.89,Vila Ol√≠mpia,Quarto inteiro,2,1,1,1,Tem,Tem,N√£o tem
FLAT THE PALACE - MOEMA C/ SACADA,110,4.92,Indian√≥polis,Flat inteiro,3,2,1,1,Tem,Tem,Tem
"Studio moderno e com desing arrojado, pr√≥x a Avenida Paulista",151,5.0,Consolacao,Apartamento inteiro,2,1,1,1,Tem,Tem,Tem
Apto Jardins mobiliado Excelente localiza√ß√£o,75,,Para√≠so,Apartamento inteiro,2,1,1,1,Tem,Tem,N√£o tem
"Flat - Vila Clementino, S√£o Paulo - SP",80,4.73,Vila Clementino,Flat inteiro,2,1,1,1,N√£o tem,Tem,N√£o tem
Premium Flats Berrini / L`Originale,77,4.9,Vila Ol√≠mpia,Flat inteiro,2,1,0,1,N√£o tem,Tem,Tem
Confort√°vel_Quarto Casal Largo do Arouche CentroSP,57,5.0,Rep√∫blica,Quarto inteiro,2,1,1,1,Tem,Tem,N√£o tem
Privativo.Jardins. O.Freire! Aluguel mensal 1.400$,61,4.67,Cerqueira C√©sar,Quarto inteiro,1,1,1,1,Tem,Tem,N√£o tem
Aconchego e tranquilidade,51,4.75,Consolacao,Loft inteiro,2,2,0,1,Tem,N√£o tem,N√£o tem
"Est√∫dio no Centro com Varanda, Wi-Fi & Smart-TV :)",75,4.82,S√©,Condom√≠nio inteiro,2,1,1,1,N√£o tem,Tem,Tem
"Flat em Moema, pr√≥ximo ao Shopping Ibirapuera",106,5.0,Indian√≥polis,Flat inteiro,2,1,1,1,Tem,Tem,Tem
Apartamento em Santa Efig√™nia,54,4.82,Centro,Quarto inteiro,2,1,1,1,Tem,Tem,N√£o tem
Su√≠te aconchegante ao lado do metr√¥ Para√≠so,135,4.82,Vila Mariana,Quarto de hotel,2,1,1,1,N√£o tem,Tem,N√£o tem
Apartamento Completo 10 min do Br√°s e 25 de mar√ßo,70,4.85,Campos El√≠seos,Apartamento inteiro,4,2,2,1,Tem,Tem,N√£o tem
Acomoda√ß√£o em S√£o Paulo - Pr√≥ximo ao Masp/Paulista,79,5.0,Consolacao,Quarto inteiro,2,1,1,1,Tem,Tem,N√£o tem
Apartamento no Bom Retiro 5min da Rodovi√°ria Tiete,43,,Bom Retiro,Quarto inteiro,2,1,2,1,Tem,Tem,N√£o tem
Coliving Petit Paris 12,60,4.67,hotel boutique,Quarto,2,1,1,0,Tem,Tem,N√£o tem
Studio aconchegante - 300 m metr√¥-Self check in,117,4.78,Consolacao,Condom√≠nio inteiro,5,3,0,1,Tem,Tem,Tem
Studio charmoso em S√£o Paulo pr√≥ximo ao metr√¥,110,4.83,Consolacao,Apartamento inteiro,2,1,1,1,Tem,Tem,Tem
Su√≠te confort√°vel com cama de solteiro no Brooklin,54,5.0,Vila Ol√≠mpia,Quarto inteiro,2,1,1,1,Tem,Tem,N√£o tem
Premium Flats Berrini / El Original,77,4.0,Brooklin,Flat inteiro,2,1,0,1,N√£o tem,Tem,Tem
"Studio moderno e com desing arrojado, pr√≥x a Avenida Paulista",151,5.0,Consolacao,Apartamento inteiro,2,1,1,1,Tem,Tem,Tem
Acomoda√ß√£o em S√£o Paulo - Pr√≥ximo ao Masp/Paulista,79,5.0,Consolacao,Quarto inteiro,2,1,1,1,Tem,Tem,N√£o tem
APARTAMENTO 02-50M¬≤- 10 MINUTOS DO AEROPORTO GRU,100,,Vila Florida,Condom√≠nio inteiro,4,2,1,1,N√£o tem,Tem,N√£o tem
La Residence Alamada Jau,91,,Cerqueira C√©sar,Flat inteiro,2,1,1,1,Tem,Tem,Tem
Studio bem equipado em casa italiana com quintal,85,4.82,Bela Vista,Townhouse inteira,2,1,1,1,Tem,Tem,N√£o tem
Su√≠te Confort√°vel  Betha Arouche  6 min do Metr√¥,63,4.71,Campos El√≠seos,Quarto inteiro,2,2,1,1,Tem,Tem,N√£o tem
Studio 714 Setin Downtown S√£o Lu√≠s,100,5.0,Consolacao,Apartamento inteiro,2,1,0,1,Tem,Tem,Tem
Coliving Petit Paris 12,60,4.67,hotel boutique,Quarto,2,1,1,0,Tem,Tem,N√£o tem
Premium Flats Berrini / El Original,77,4.0,Brooklin,Flat inteiro,2,1,0,1,N√£o tem,Tem,Tem
Apartamento Completo 10 min Br√°s e 25 de mar√ßo,70,4.42,Campos El√≠seos,Apartamento inteiro,4,3,2,1,Tem,Tem,N√£o tem
Su√≠te aconchegante aos p√©s da Av. Paulista,135,4.86,Vila Mariana,Quarto inteiro,2,2,1,1,N√£o tem,Tem,N√£o tem
"Aeroporto, IBC,Aut√≥dromo,Senac, Hotel Transam√©rica",60,5.0,Vila Sofia,Quarto inteiro,1,1,1,1,Tem,Tem,N√£o tem
Loft simples e aconchegante,93,4.85,Vila Buarque,Loft inteiro,2,1,0,1,Tem,Tem,N√£o tem
Studio perfeito em S√£o Paulo pr√≥ximo ao metr√¥,114,4.83,Rep√∫blica,Apartamento inteiro,2,1,0,1,Tem,Tem,Tem
STUDIO 606. SEU LUGAR NO CENTRO DE SP,84,4.87,Centro,Loft inteiro,2,1,1,1,Tem,Tem,N√£o tem
"Est√∫dio no Centro com Varanda, Wi-Fi & Smart-TV :)",75,4.82,S√©,Condom√≠nio inteiro,2,1,1,1,N√£o tem,Tem,Tem
Studio inovador em S√£o Paulo pr√≥ximo ao metr√¥,115,4.88,Consolacao,Flat inteiro,2,1,1,1,Tem,Tem,Tem
Flat Boutique na Berrini / Mais Qualidade para VC!,77,4.5,Vila Ol√≠mpia,Flat inteiro,2,1,0,1,N√£o tem,Tem,Tem
Lindo loft com conforto e charme no centro de SP.,95,4.83,Rep√∫blica,Loft inteiro,2,1,1,1,Tem,Tem,N√£o tem
Apartamento agrad√°vel e bem iluminado. V. Pomp√©ia,111,,√Ågua Branca,Apartamento inteiro,2,1,1,1,N√£o tem,Tem,Tem
Studio aconchegante em S√£o Paulo pr√≥ximo ao metr√¥,110,4.84,Rep√∫blica,Flat inteiro,3,1,1,1,Tem,Tem,Tem
FIQUE PR√ìXIMO AO PARQUE DO IBIRAPUERA,99,,Vila Uberabinha,Quarto inteiro,2,1,1,1,N√£o tem,Tem,N√£o tem
Quarto Privativo Largo do Arouche 6 minutos Metr√¥.,57,4.93,Campos El√≠seos,Quarto inteiro,1,1,1,1,Tem,Tem,N√£o tem
#208 - Cyclinn Faria Lima Itaim,182,,Itaim Bibi,Apartamento inteiro,4,3,1,1,N√£o tem,Tem,Tem
Quarto de casal c/vista para Parque do Ibirapuera,66,5.0,Para√≠so,Quarto inteiro,2,1,1,3,Tem,Tem,N√£o tem
Flat Paulista 540,128,4.76,Jardim Paulista,Apartamento inteiro,2,1,1,1,Tem,Tem,Tem
Centro S√£o Paulo,72,4.84,Centro,Apartamento inteiro,3,1,0,1,Tem,Tem,Tem
#1305 - Cyclinn Iguatemi Itaim,209,4.93,Itaim Bibi,Apartamento inteiro,4,3,1,1,N√£o tem,Tem,Tem
#809 - Cyclinn Vila Olimpia,204,4.88,Vila Ol√≠mpia,Apartamento inteiro,4,3,1,1,N√£o tem,Tem,Tem
202 Sofistica√ß√£o na melhor Localiza√ß√£o de SP202,85,4.5,Vila Buarque,Condom√≠nio inteiro,4,1,1,1,Tem,Tem,Tem
Duplex Cobertura - Oficina Rooftop,334,4.84,Vila Madalena,Apartamento inteiro,4,2,0,1,Tem,Tem,Tem
Studio completo ao lado da Avenida Paulista,100,4.77,Consolacao,Apartamento inteiro,2,1,1,1,Tem,Tem,Tem
#1011 - Cyclinn Vila Olimpia,211,4.76,Vila Ol√≠mpia,Apartamento inteiro,4,3,1,1,N√£o tem,Tem,Tem
FLAT II RESIDENCIAL BROOKLIN (COND. NYC BERRINI),238,4.96,Morumbi,Flat inteiro,2,1,1,1,Tem,Tem,Tem
Stylish Saint Paul Apartment by BnbHost,300,4.92,Jardim Paulista,Apartamento inteiro,2,1,1,1,Tem,Tem,Tem
Est√∫dio pr√≥x. ao metr√¥ Rep√∫blica (5 min. a p√©),70,4.96,Campos El√≠seos,Apartamento inteiro,2,1,0,1,Tem,Tem,N√£o tem
Studio no centro de S√£o Paulo pr√≥ximo ao metr√¥,113,4.81,Consolacao,Flat inteiro,2,2,1,1,Tem,Tem,Tem
Apartamento Mobiliado e Completo com Smart TV!,159,4.72,S√©,Condom√≠nio inteiro,2,1,1,1,Tem,Tem,Tem
STD 1407. BEM-VINDO AO NOVO CENTRO DE S√ÉO PAULO!,102,4.79,Rep√∫blica,Apartamento inteiro,2,1,0,1,Tem,Tem,Tem
#1401 - Cyclinn Vila Olimpia - Flat Familia,214,4.91,Vila Ol√≠mpia,Apartamento inteiro,4,3,1,1,N√£o tem,Tem,Tem
"Ap Boutique, espacoso, ao lado Shop Frei Caneca",140,4.9,Consolacao,Apartamento inteiro,2,1,1,1,Tem,Tem,Tem
Apartamento com garagem e vista maravilhosa | Vila Ol√≠mpia,444,5.0,Vila Ol√≠mpia,Apartamento inteiro,2,1,1,1,Tem,Tem,Tem
#1508 - Cyclinn Faria Lima Itaim,211,4.84,Itaim Bibi,Apartamento inteiro,2,3,1,1,N√£o tem,Tem,Tem
Su√≠te aconchegante aos p√©s da Av. Paulista,135,4.86,Vila Mariana,Quarto inteiro,2,2,1,1,N√£o tem,Tem,N√£o tem
Studio Home AP 105 Pr√≥ximo Av Paulista,119,4.61,Consolacao,Apartamento inteiro,2,1,1,1,Tem,Tem,Tem
Conforto e bem localizado.,100,4.77,Consolacao,Apartamento inteiro,3,2,1,1,Tem,Tem,N√£o tem
Flat Paulista completo,124,4.42,Jardim Paulista,Flat inteiro,2,1,1,1,Tem,Tem,Tem
Nomah Bela Vista | Apto Novo 23m¬≤ Studio Completo,105,4.65,Bela Vista,Loft inteiro,2,1,1,1,N√£o tem,Tem,N√£o tem
Vista Fant√°stica no Copan ‚ú® Cama Queen,143,4.91,Rep√∫blica,Apartamento inteiro,2,1,1,1,Tem,Tem,N√£o tem
Studio maravilhoso em S√£o Paulo pr√≥ximo ao metr√¥,111,4.86,Rep√∫blica,Flat inteiro,2,1,1,1,Tem,Tem,Tem
Apto em Higien√≥polis com cooktop e internet r√°pida,115,4.79,Santa Cec√≠lia,Condom√≠nio inteiro,3,2,1,1,Tem,Tem,Tem
STD 1405. BEM-VINDO AO NOVO CENTRO DE S√ÉO PAULO,103,4.73,Rep√∫blica,Apartamento inteiro,2,1,0,1,Tem,Tem,Tem
Studio moderno com varanda e garagem | Itaim Bibi,280,5.0,Itaim Bibi,Apartamento inteiro,2,1,1,1,Tem,Tem,Tem
Centro Hist√≥rico,71,4.74,Centro,Apartamento inteiro,3,1,0,1,N√£o tem,Tem,N√£o tem
Apartamento moderno em Pinheiros,155,4.68,Pinheiros,Apartamento inteiro,2,1,1,1,Tem,Tem,Tem
#1310 - Cyclinn Faria Lima Itaim,211,4.87,Itaim Bibi,Apartamento inteiro,4,3,1,1,N√£o tem,Tem,Tem
Casa Est√∫dio Pr√≥x Av Paulista,137,4.82,Consolacao,Loft inteiro,2,1,1,1,Tem,Tem,Tem
‚≠ê Luxury Studio in the heart of Sao Paulo,98,4.85,Consolacao,Apartamento inteiro,2,1,1,1,Tem,Tem,Tem
Lindo Studio no Bela Vista com sacada  APM1205,150,4.78,Bela Vista,Apartamento inteiro,2,1,1,1,Tem,Tem,Tem
FLAT 104 MARAVILHOSO NOS JARDINS,135,,Cerqueira C√©sar,Flat inteiro,2,1,1,1,Tem,Tem,Tem
VO43 Apartamento exuberante na Vila Ol√≠mpia,316,4.89,Vila Ol√≠mpia,Apartamento inteiro,2,1,1,1,Tem,Tem,Tem
(NOVO) Studio Design do Arquiteto FREI CANECA 95,75,5.0,Bela Vista,Apartamento inteiro,2,0,0,1,Tem,Tem,N√£o tem
STUDIO MARINE  - SUPER CHARMOSO  - CONSOLA√á√ÉO,120,4.87,Rep√∫blica,Flat inteiro,2,2,0,1,Tem,Tem,Tem
CasApp Studio Novinho no Cora√ß√£o de S√£o Paulo 503,103,4.91,Bela Vista,Apartamento inteiro,2,1,1,1,Tem,Tem,Tem
Design e conforto em est√∫dio industrial na Vila Nova,250,4.97,Itaim Bibi,Apartamento inteiro,4,1,1,1,Tem,Tem,Tem
Studio perfeito em S√£o Paulo pr√≥ximo ao metr√¥,114,4.83,Rep√∫blica,Apartamento inteiro,2,1,0,1,Tem,Tem,Tem
Flat Particular c/ Cozinha - The Palace Moema.,140,4.9,Indian√≥polis,Flat inteiro,3,2,1,1,Tem,Tem,Tem
Apartamento na Santa Efig√™nia,56,4.74,Centro,Quarto inteiro,2,0,1,1,Tem,Tem,N√£o tem
Flat com servi√ßos - Hosp. S√≠rio Liban√™s/Paulista,98,,Bela Vista,Flat inteiro,2,3,1,1,N√£o tem,Tem,Tem
"Quarto c/ banheiro,Jardins,2 quadras Paulista e HC",61,4.74,Cerqueira C√©sar,Quarto inteiro,1,1,1,1,Tem,Tem,N√£o tem
Studio deslumbrante em S√£o Paulo pr√≥ximo ao metr√¥,110,4.92,Rep√∫blica,Flat inteiro,2,1,1,1,Tem,Tem,Tem
Studio Mobiliado na Consola√ß√£o √† passos do Metr√¥!,83,4.9,Consolacao,Condom√≠nio inteiro,2,1,1,1,N√£o tem,Tem,Tem
Studio incr√≠vel em S√£o Paulo pr√≥ximo ao metr√¥,110,4.75,Consolacao,Flat inteiro,3,2,1,1,Tem,Tem,Tem
FIQUE PR√ìXIMO AO PARQUE DO IBIRAPUERA,99,,Vila Uberabinha,Quarto inteiro,2,1,1,1,N√£o tem,Tem,N√£o tem
FLAT 104 MARAVILHOSO NOS JARDINS,135,,Cerqueira C√©sar,Flat inteiro,2,1,1,1,Tem,Tem,Tem
Quarto Premium Moema Congonhas-Amarelo,60,5.0,Indian√≥polis,Quarto inteiro,2,1,1,2,Tem,Tem,N√£o tem
Suite Solteiro. Banheiro privado 12 min Sao Joaqu,56,5.0,Aclima√ß√£o,Quarto inteiro,1,1,1,1,Tem,Tem,N√£o tem
Quarto Confort√°vel pr√≥ximo do metr√¥,60,4.95,Br√°s,Quarto inteiro,2,1,1,1,Tem,Tem,N√£o tem
"Aeroporto, IBC,Aut√≥dromo,Senac, Hotel Transam√©rica",60,5.0,Vila Sofia,Quarto inteiro,1,1,1,1,Tem,Tem,N√£o tem
Studio bem equipado em casa italiana com quintal,85,4.82,Bela Vista,Townhouse inteira,2,1,1,1,Tem,Tem,N√£o tem
"Est√∫dio centro de SP-300 mts metr√¥, COM GARAGEM",113,4.92,Rep√∫blica,Flat inteiro,2,1,0,1,Tem,Tem,Tem
anyLife Comfort Pinheiros IV,155,4.63,Pinheiros,Apartamento inteiro,2,1,1,1,Tem,Tem,Tem
Su√≠te Confort√°vel  Alpha Arouche  6 min do Metr√¥,60,4.88,Campos El√≠seos,Quarto inteiro,2,1,1,1,Tem,Tem,N√£o tem
Confort√°vel suite ao lado da Pra√ßa Buenos Aires,59,4.96,Higien√≥polis,Quarto inteiro,2,1,1,1,Tem,Tem,N√£o tem
Apartamento no Bosque da Sa√∫de para 4 h√≥spedes,100,4.96,Sa√∫de,Apartamento inteiro,4,2,1,1,Tem,Tem,N√£o tem
Casa confort√°vel e com privacidade em Santana!!,65,5.0,S√£o Paulo,Quarto inteiro,2,1,1,2,N√£o tem,Tem,N√£o tem
"Studio, piscina e academia, otimo menor pre√ßo",79,4.74,Consolacao,Flat inteiro,3,0,1,1,Tem,Tem,Tem
*Su√≠te Mobiliada no Centro de SP com Smart TV! (:,71,4.97,S√©,Apartamento inteiro,2,1,1,1,N√£o tem,Tem,Tem
Flat pr√≥x. metro Paulista e Consola√ß√£o,107,4.8,Consolacao,Apartamento inteiro,4,3,1,1,N√£o tem,Tem,Tem
Victoria Place 105,106,,Itaim Bibi,Apartamento inteiro,2,0,1,1,Tem,Tem,Tem
Apartamento funcional a 2 min da Avenida Paulista,101,4.96,Bela Vista,Apartamento inteiro,2,1,1,1,Tem,Tem,N√£o tem
Studio inovador em S√£o Paulo pr√≥ximo ao metr√¥,115,4.88,Consolacao,Flat inteiro,2,1,1,1,Tem,Tem,Tem
Studio novo com vista imperd√≠vel do centro de SP !,86,4.61,S√©,Condom√≠nio inteiro,2,1,1,1,N√£o tem,Tem,Tem
S√£o Paulo Itaim Bibi (Flat Newciti),124,4.94,Itaim Bibi,Flat inteiro,2,1,0,1,Tem,N√£o tem,Tem
Quarto tranquilo em casa,57,5.0,Liberdade,Quarto inteiro,1,1,1,1,Tem,Tem,N√£o tem
Todo conforto centro S.Paulo - Studio I,85,4.79,Rep√∫blica,Apartamento inteiro,1,1,1,1,N√£o tem,Tem,N√£o tem
"Quality Bela Cintra ‚òÖ‚òÖ‚òÖ‚òÖ, Pr√≥ximo √† Av. Paulista!",140,4.79,Consolacao,Apartamento inteiro,2,1,1,1,Tem,Tem,Tem
Studio 412 bairro- Consola√ß√£o  com metr√¥ pr√≥ximo.,119,4.92,Consolacao,Loft inteiro,2,2,0,1,Tem,Tem,Tem
"Quarto c/ banheiro,Jardins,2 quadras Paulista e HC",61,4.74,Cerqueira C√©sar,Quarto inteiro,1,1,1,1,Tem,Tem,N√£o tem
Apartamento pr√≥ximo a USP em Pinheiros,144,4.88,Pinheiros,Apartamento inteiro,2,1,1,1,Tem,Tem,Tem
Studio no 18¬∞ Andar,121,5.0,S√£o Paulo,Apartamento inteiro,2,1,1,1,Tem,Tem,Tem
Lindo Studio ao lado do Metr√¥ c/ Sacada & Cooktop!,75,4.89,S√©,Condom√≠nio inteiro,2,1,1,1,Tem,Tem,Tem
CasApp Studio Novinho no Cora√ß√£o de S√£o Paulo 204,106,4.81,Rep√∫blica,Apartamento inteiro,2,1,1,1,Tem,Tem,Tem
Su√≠te confort√°vel com cama de solteiro no Brooklin,54,5.0,Vila Ol√≠mpia,Quarto inteiro,2,1,1,1,Tem,Tem,N√£o tem
HOSPEDAGEM RODEADA DE √ÅREAS VERDES,99,,Vila Uberabinha,Quarto inteiro,2,1,1,1,N√£o tem,Tem,N√£o tem
#1008 - Cyclinn Faria Lima Itaim,214,4.83,Itaim Bibi,Apartamento inteiro,3,2,1,1,N√£o tem,Tem,Tem
Flat na Bela Cintra by Atlantica Residence,127,,flat,Quarto,2,1,1,1,Tem,Tem,Tem
Studio Setin Downtown S√£o Luis ( COM GARAGEM ),167,4.99,Consolacao,Apartamento inteiro,2,1,0,1,Tem,Tem,Tem
"Tranquilidade no miolo do BR√ÅS-SP, perto de tudo.",70,5.0,Br√°s,Quarto inteiro,2,1,1,1,N√£o tem,Tem,N√£o tem
Quarto Confort√°vel pr√≥ximo do metr√¥,60,4.95,Br√°s,Quarto inteiro,2,1,1,1,Tem,Tem,N√£o tem
FLAT 104 MARAVILHOSO NOS JARDINS,135,,Cerqueira C√©sar,Flat inteiro,2,1,1,1,Tem,Tem,Tem
Apartamento no Bosque da Sa√∫de para 4 h√≥spedes,100,4.96,Sa√∫de,Apartamento inteiro,4,2,1,1,Tem,Tem,N√£o tem
Su√≠te ar condicionado | Itaim/ Vila Olimpia/ Ibira,59,5.0,Vila Nova Concei√ß√£o,Quarto inteiro,1,1,0,1,Tem,Tem,N√£o tem
Bem estar Indian√≥polis Moema,51,5.0,Indian√≥polis,Quarto inteiro,2,1,1,2,Tem,Tem,N√£o tem
Suite Solteiro. Banheiro privado 12 min Sao Joaqu,56,5.0,Aclima√ß√£o,Quarto inteiro,1,1,1,1,Tem,Tem,N√£o tem
Freg do √ì /5Mint  Marg/F√°cil  acesso Allianz Park,72,4.88,Nossa Senhora do O,Casa inteira,6,2,2,1,Tem,Tem,N√£o tem
"Apto. completo, aconchegante e bem localizado.",80,,Bela Vista,Condom√≠nio inteiro,3,1,1,1,Tem,N√£o tem,N√£o tem
"Apartamento no cora√ß√£o de S√£o Paulo , bela Vista",70,5.0,Consolacao,Apartamento inteiro,1,1,1,1,Tem,Tem,N√£o tem
Apartamento na Santa Efig√™nia,56,4.74,Centro,Quarto inteiro,2,0,1,1,Tem,Tem,N√£o tem
Confort√°vel espa√ßo. Pr√≥ximo ao metr√¥ e hospitais,84,5.0,Liberdade,Apartamento inteiro,3,1,0,1,Tem,Tem,N√£o tem
Quarto mobiliado em local tranquilo.,56,,Santana,Quarto inteiro,2,1,1,1,Tem,Tem,Tem
Est√∫dio Mobiliado com Vista Unica do 24¬∫ Andar.,105,4.78,S√©,Condom√≠nio inteiro,2,1,1,1,N√£o tem,Tem,Tem
Apartamento Mobiliado no Centro de SP com Cooktop!,148,4.79,S√©,Condom√≠nio inteiro,2,1,1,1,Tem,Tem,Tem
HOSPEDAGEM RODEADA DE √ÅREAS VERDES,99,,Vila Uberabinha,Quarto inteiro,2,1,1,1,N√£o tem,Tem,Tem
CasApp Studio Novinho no Cora√ß√£o de S√£o Paulo 503,103,4.91,Bela Vista,Apartamento inteiro,2,1,1,1,Tem,Tem,Tem
Apart Hotel 4 Estrelas pr√≥ximo Avenida Paulista,119,4.84,Bela Vista,Flat inteiro,2,1,1,1,Tem,Tem,Tem
Est√∫dio moderno em frente ao metr√¥ Campo Belo,140,5.0,Brooklin,Apartamento inteiro,2,1,1,1,Tem,Tem,Tem
Apto N√≥rdico(2 min da Paulista) com serv de hotel.,165,4.92,Bela Vista,Flat inteiro,3,1,1,1,Tem,Tem,N√£o tem
Su√≠te Ap. em frente do S√≠rio Liban√™s,90,4.97,Bela Vista,Quarto inteiro,2,2,1,1,Tem,Tem,N√£o tem
Suite. Banheiro privado. 10min do Aeroporto.,58,4.97,Campo Belo,Quarto inteiro,1,1,1,1,Tem,Tem,N√£o tem
Quarto 2 individual centro de SP AP novo com wifi,57,4.6,Centro,Quarto inteiro,1,4,4,2,Tem,Tem,N√£o tem
Espa√ßo Recanto das Perdizes 2,80,4.46,hotel boutique,Quarto,2,1,1,1,N√£o tem,Tem,N√£o tem
#1401 - Cyclinn Vila Olimpia - Flat Familia,214,4.91,Vila Ol√≠mpia,Apartamento inteiro,4,3,1,1,N√£o tem,Tem,Tem
STUDIO MARINE  - SUPER CHARMOSO  - CONSOLA√á√ÉO,120,4.87,Rep√∫blica,Flat inteiro,2,2,0,1,Tem,Tem,Tem
Flat Paulista completo,124,4.42,Jardim Paulista,Flat inteiro,2,1,1,1,Tem,Tem,Tem
Flat no centro de s√£o paulo menor pre√ßo. (713),95,4.89,Rep√∫blica,Flat inteiro,3,1,1,1,N√£o tem,Tem,Tem
Expo Center Norte Anhembi -Flat Seguro Metr√¥ Tiet√™,120,4.85,Luz,Flat inteiro,2,1,1,1,Tem,Tem,Tem
STUDIO 206 - SUA CASINHA NO CENTRO DE SP,93,5.0,Centro,Loft inteiro,2,1,1,1,Tem,Tem,N√£o tem
"Bela Vista, S√≠rio Liban√™s,  Conven√ß√µes Frei Caneca",99,4.83,Bela Vista,Apartamento inteiro,3,4,1,1,Tem,Tem,N√£o tem
FLAT 804 MARAVILHOSO NOS JARDINS,150,,Cerqueira C√©sar,Flat inteiro,2,1,1,1,Tem,Tem,Tem
Apartamento Mobiliado e Completo com Smart TV!,159,4.72,S√©,Condom√≠nio inteiro,2,1,1,1,Tem,Tem,Tem
Studio Mobiliado na Rep√∫blica em Pr√©dio Ic√¥nico!,182,4.7,Rep√∫blica,Condom√≠nio inteiro,2,1,1,1,N√£o tem,Tem,Tem
"S√£o Paulo - Tour de Compras e Lazerb  ,",118,4.98,Br√°s,Apartamento inteiro,2,1,1,1,Tem,Tem,N√£o tem
Local aconchegante e tranquilo.,80,4.98,Brooklin,Loft inteiro,1,2,1,1,Tem,Tem,N√£o tem
Quarto para 1 pessoa na Bela Vista / Liberdade,62,4.93,Liberdade,Quarto inteiro,1,1,1,2,Tem,Tem,N√£o tem
S88 -  Moderno e aconchegante pr√≥x. Av Paulista!,141,4.95,Consolacao,Loft inteiro,2,2,0,1,Tem,Tem,Tem
Studio Casal Mobiliado - Butant√£,90,,Ferreira,Condom√≠nio inteiro,2,0,1,1,Tem,Tem,N√£o tem
Quarto em rua tranquila pr√≥ximo ao metro,57,5.0,Sumar√©,Quarto inteiro,2,1,1,1,Tem,Tem,N√£o tem
Studio 509 bairro- Consola√ß√£o  com metr√¥ pr√≥ximo.,119,4.98,Consolacao,Loft inteiro,2,1,0,1,Tem,Tem,Tem
Su√≠te para acomodar at√© 3 h√≥spedes.,60,4.91,Guarulhos,Quarto inteiro,3,2,1,1,Tem,Tem,N√£o tem
Apartamento inteiro pr√≥ximo ao Mackenzie com wi-fi,100,,Vila Buarque,Apartamento inteiro,2,2,0,1,Tem,Tem,N√£o tem
Apto 1 dormit√≥rio perfeito no Copan!,125,5.0,Rep√∫blica,Apartamento inteiro,2,2,1,1,Tem,Tem,N√£o tem
Flat Alamedas Jd. Paulista,138,4.63,Cerqueira C√©sar,Flat inteiro,2,1,0,1,Tem,Tem,Tem
"Apartamento Inteiro: Regi√£o central de Mooca, SP",110,4.92,Mooca,Apartamento inteiro,2,1,1,1,Tem,Tem,N√£o tem
Vista Fant√°stica no Copan ‚ú® Cama Queen,143,4.91,Rep√∫blica,Apartamento inteiro,2,1,1,1,Tem,Tem,N√£o tem
CasApp Studio Novinho no Cora√ß√£o de S√£o Paulo 809,106,4.68,Consolacao,Apartamento inteiro,2,1,1,1,Tem,Tem,Tem
Studio.centro S√£o Paulo 2 minutos metro Anhangaba√∫,90,4.67,Bela Vista,Apartamento inteiro,2,1,1,1,Tem,Tem,N√£o tem
Studio novo com vista imperd√≠vel do centro de SP !,86,4.61,S√©,Condom√≠nio inteiro,2,1,1,1,N√£o tem,Tem,Tem
"Est√∫dio Mobiliado com Varanda, Smart-TV e Wi-Fi !",98,,Centro,Condom√≠nio inteiro,2,1,1,1,N√£o tem,Tem,Tem
Quarto e banheiro privativo nos jardins,85,5.0,Jardim Paulista,Quarto inteiro,1,1,1,1,Tem,Tem,N√£o tem
Su√≠te ampla em ateli√™ art√≠stico - c/ caf√© da manh√£,75,5.0,Mirand√≥polis,Quarto inteiro,3,2,1,1,Tem,Tem,N√£o tem
"Apto. Studio 40m2 com sacada,   70m do metr√¥",106,4.86,Campos El√≠seos,Apartamento inteiro,3,1,0,1,Tem,Tem,N√£o tem
Luxury Studio With amenities  - Vila Ol√≠mpia,55,5.0,Vila Ol√≠mpia,Apartamento inteiro,2,1,0,1,Tem,Tem,Tem
"Aeroporto, IBC,Aut√≥dromo,Senac, Hotel Transam√©rica",60,4.93,Vila Sofia,Quarto inteiro,2,1,1,1,Tem,Tem,N√£o tem
HOSPEDAGEM RODEADA DE √ÅREAS VERDES,99,,Vila Uberabinha,Quarto inteiro,2,1,1,1,N√£o tem,Tem,Tem
Flat Particular Transamerica Paulista,141,4.63,Cerqueira C√©sar,Flat inteiro,2,1,0,1,Tem,Tem,Tem
Flat c/Sacada - Regi√£o  Ibirapuera pr√≥ximo UNIFESP,100,,Vila Clementino,Flat inteiro,2,1,1,1,Tem,Tem,Tem
St√∫dio aconchegante. √ìtima localiza√ß√£o do Centro.,110,4.73,Rep√∫blica,Apartamento inteiro,3,1,0,1,Tem,Tem,N√£o tem
Kit para 1 pessoa com ar cond a 300m do metr√¥ Ap2,60,,Ipiranga,Apartamento inteiro,1,1,0,1,Tem,Tem,N√£o tem
Quarto Suite,60,4.6,Morumbi,Casa inteira,1,1,1,1,Tem,Tem,N√£o tem
#809 - Cyclinn Vila Olimpia,204,4.88,Vila Ol√≠mpia,Apartamento inteiro,4,3,1,1,N√£o tem,Tem,Tem
Itaim Bibi Address Faria Lima Casal 3,90,,Itaim Bibi,Flat inteiro,2,1,1,1,N√£o tem,Tem,Tem
CasApp Studio Novinho no Cora√ß√£o de S√£o Paulo 303,102,4.82,Consolacao,Apartamento inteiro,2,1,1,1,Tem,Tem,Tem
"Banheiro, micro e frigobar. 10min a p√© Aeroporto",69,4.95,Campo Belo,Quarto inteiro,2,1,1,1,Tem,Tem,N√£o tem
Flat Imperd√≠vel Vila Clementino/Ibirapuera,96,,Vila Clementino,Flat inteiro,2,1,1,1,Tem,Tem,Tem
"Apto. Studio 40m2 com sacada,   70m do metr√¥",106,4.86,Campos El√≠seos,Apartamento inteiro,3,1,0,1,Tem,Tem,N√£o tem
Quarto no bairro do Morumbi!,58,5.0,Vila Andrade,Quarto inteiro,2,0,1,2,Tem,Tem,N√£o tem
St√∫dio aconchegante. √ìtima localiza√ß√£o do Centro.,110,4.73,Rep√∫blica,Apartamento inteiro,3,1,0,1,Tem,Tem,N√£o tem
su√≠te em casa de vila privativa na Vila Olimpia,62,5.0,Vila Ol√≠mpia,Quarto inteiro,1,1,1,2,Tem,Tem,N√£o tem
Duplex Cobertura - Oficina Rooftop,334,4.84,Vila Madalena,Apartamento inteiro,4,2,0,1,Tem,Tem,Tem
CantinhodaCl√©a-Liberdade/S.Joaquim-Garagem/Wi-Fi,69,4.97,Liberdade,Quarto inteiro,1,1,1,1,Tem,N√£o tem,N√£o tem
CHARMOSO FLAT PROXIMO DA RUA OSCAR FREIRE,228,4.21,Pinheiros,Apartamento inteiro,4,2,1,1,Tem,Tem,Tem
STUDIO LONDON SP COM PISICINA INIFINITY -610B,232,4.47,Consolacao,Apartamento inteiro,2,1,1,1,Tem,Tem,Tem
Su√≠te mobiliada c/ copa e Wi-Fi pr√≥x ao hosp SP,65,,Vila Clementino,Su√≠te de visitas inteira,2,1,1,0,N√£o tem,Tem,N√£o tem
Loft top no cora√ß√£o da Vila Olimpia,149,,Vila Ol√≠mpia,Loft inteiro,2,1,0,1,Tem,Tem,Tem
Apartment - Vila Madalena Subway,55,4.91,Vila Anglo Brasileira,Apartamento inteiro,4,4,2,2,Tem,Tem,N√£o tem
Apartamento Mobiliado e Completo com Smart TV!,159,4.72,S√©,Condom√≠nio inteiro,2,1,1,1,Tem,Tem,Tem
Est√∫dio Mobiliado com Vista Unica do 24¬∫ Andar.,105,4.78,S√©,Condom√≠nio inteiro,2,1,1,1,N√£o tem,Tem,Tem
CasApp Studio Novinho no Cora√ß√£o de S√£o Paulo 808,111,4.72,Bela Vista,Apartamento inteiro,2,1,1,1,Tem,Tem,Tem
Apartamento Moderno Mobiliado com Cooktop e Wi-Fi,85,,Santa Efig√™nia,Condom√≠nio inteiro,2,1,0,1,Tem,Tem,Tem
STUDIO MARINE  - SUPER CHARMOSO  - CONSOLA√á√ÉO,120,4.87,Rep√∫blica,Flat inteiro,2,2,0,1,Tem,Tem,Tem
Itaim Bibi Address Faria Lima Casal 3,130,4.67,Itaim Bibi,Flat inteiro,2,1,1,1,N√£o tem,Tem,Tem
Flat Paulista 540,128,4.76,Jardim Paulista,Apartamento inteiro,2,1,1,1,Tem,Tem,Tem
Apt dentro de um verdadeiro Resort no centro de SP,140,5.0,Br√°s,Condom√≠nio inteiro,4,2,2,2,Tem,Tem,N√£o tem
STD 1912. BEM-VINDO AO NOVO CENTRO DE S√ÉO PAULO!,104,4.85,Rep√∫blica,Apartamento inteiro,2,1,0,1,Tem,Tem,Tem
Apto inteiro prx Metr√¥ M.Deodoro. Melhor pre√ßo.,111,4.97,Campos El√≠seos,Apartamento inteiro,4,1,1,1,Tem,Tem,N√£o tem
Loft Urbano no cora√ß√£o da Berrini,169,4.8,Morumbi,Apartamento inteiro,4,1,1,2,Tem,Tem,Tem
300 metros METRO SACOMAN - LINHA VERDE,60,4.96,Vila Firmiano Pinto,Quarto inteiro,2,2,1,1,Tem,Tem,N√£o tem
Apartamento pr√≥ximo a USP em Pinheiros,144,4.88,Pinheiros,Apartamento inteiro,2,1,1,1,Tem,Tem,Tem
"Lindo AP, 73m2 pr√≥ximo ao metr√¥ Sa√∫de!",120,,Sa√∫de,Apartamento inteiro,4,2,2,1,Tem,Tem,N√£o tem
Su√≠te mobiliada c/ copa e Wi-Fi pr√≥x ao hosp SP,65,,Vila Clementino,Su√≠te de visitas inteira,2,1,1,0,N√£o tem,Tem,N√£o tem
"Flat/cobertura, o mais charmoso dos Jardins II",339,4.69,Cerqueira C√©sar,Apartamento inteiro,2,1,1,1,Tem,Tem,Tem
Quartos 3 individuais em Ap centro SP com wifi,54,,Centro,Quarto inteiro,1,1,4,2,Tem,Tem,N√£o tem
Quarto Premium Moema Congonhas-Amarelo,60,5.0,Indian√≥polis,Quarto inteiro,2,1,1,2,Tem,Tem,N√£o tem
S√£o Paulo Centro,73,,Rep√∫blica,Apartamento inteiro,2,1,1,1,Tem,Tem,N√£o tem
BR√ÅS - Apto Completo - 16¬∫andar - Metr√¥ Pedro II,110,4.87,Br√°s,Apartamento inteiro,2,1,1,1,Tem,Tem,N√£o tem
Coliving Petit Paris 14,55,,Bela Vista,Quarto inteiro,1,1,1,1,Tem,Tem,N√£o tem
Apto ao lado da Av. Rebou√ßas e Av. Faria Lima,151,4.41,Pinheiros,Flat inteiro,2,1,1,1,Tem,Tem,Tem
Apto completo a 30m do metr√¥ Santa Cec√≠lia,120,,Rep√∫blica,Apartamento inteiro,2,1,1,1,Tem,Tem,Tem
ü•ÇCora√ß√£o de S√£o Paulo 2! Caf√© da manh√£  gr√°tis‚òïÔ∏èüç™,111,4.73,Bela Vista,Loft inteiro,2,2,1,1,Tem,Tem,Tem
Su√≠te em aconchegante cobertura,55,5.0,Vila Gumercindo,Quarto inteiro,1,1,1,1,N√£o tem,Tem,N√£o tem
Coliving Petit Paris 13,55,4.75,Bela Vista,Quarto inteiro,1,0,1,1,Tem,Tem,N√£o tem
Apt inteiro Aclima√ß√£o Sp. Rua Almeida torres. 88,90,4.68,Aclima√ß√£o,Apartamento inteiro,2,1,1,1,Tem,Tem,N√£o tem
#410 - Cyclinn Faria Lima Itaim,221,4.89,Itaim Bibi,Apartamento inteiro,4,3,1,1,N√£o tem,Tem,Tem
Flat 4 Estrelas Jardins,164,4.86,Jardim Paulista,Flat inteiro,4,2,1,1,Tem,Tem,Tem
S130 - Moderno e aconchegante pr√≥x. Av Paulista!,127,5.0,Consolacao,Loft inteiro,2,1,0,1,Tem,Tem,Tem
Flat de Luxo em Moema,155,,Indian√≥polis,Flat inteiro,2,1,1,1,Tem,Tem,Tem
Pacote MENSAL! Flat no Hotel Quality SP Jardins!,115,,Jardim Paulista,Flat inteiro,2,1,1,1,N√£o tem,Tem,Tem
OFERTA FLAT R. INDIANA,88,,Vila Ol√≠mpia,Flat inteiro,2,2,1,1,Tem,Tem,Tem
su√≠te grande  em vila privativa na Vila Olimpia,65,,Vila Ol√≠mpia,Quarto inteiro,3,1,1,2,Tem,Tem,N√£o tem
‚≠ê Studio downtown s√£o Paulo,90,4.9,Consolacao,Apartamento inteiro,2,1,1,1,Tem,Tem,Tem
Flat novo ideal para casais e solteiros (15m2),57,4.78,Bom Retiro,Apartamento inteiro,2,1,0,1,Tem,Tem,Tem
Conforto e tranquilidade nos Jardins,95,5.0,Jardim Paulista,Quarto inteiro,2,1,1,1,Tem,Tem,N√£o tem
300 metros METRO SACOMAN - LINHA VERDE,60,4.96,Vila Firmiano Pinto,Quarto inteiro,2,2,1,1,Tem,Tem,N√£o tem
APTO 10 MIN PAULISTA,73,5.0,Bela Vista,Quarto inteiro,2,1,1,1,Tem,Tem,Tem
CasApp Studio Novinho no Cora√ß√£o de S√£o Paulo 803,111,4.87,Bela Vista,Apartamento inteiro,2,1,1,1,Tem,Tem,Tem
Apartamento na Bela Vista 600 mts da Av. Paulista,150,5.0,Bela Vista,Condom√≠nio inteiro,3,1,1,1,Tem,Tem,Tem
"Quarto em apartamento, pr√≥ximo ao metr√¥ Tatuap√©",59,5.0,Tatuap√©,Quarto inteiro,3,1,1,1,Tem,Tem,N√£o tem
Studio Mobiliado com Sacada & Vista Incr√≠vel de SP,94,4.8,Bom Retiro,Condom√≠nio inteiro,2,1,1,1,N√£o tem,Tem,Tem
Quarto no Campo Belo pr√≥x. Congonhas para mulheres,54,5.0,Indian√≥polis,Quarto inteiro,2,0,1,1,Tem,Tem,N√£o tem
"Studio Novo pr√≥x Av. Paulista, Mackenzie e Metr√¥.",101,4.82,Bela Vista,Apartamento inteiro,2,1,0,1,Tem,Tem,Tem
Studio 509 bairro- Consola√ß√£o  com metr√¥ pr√≥ximo.,119,4.98,Consolacao,Loft inteiro,2,1,0,1,Tem,Tem,Tem
CasApp Studio Novinho no Cora√ß√£o de S√£o Paulo 1215,111,4.87,Consolacao,Apartamento inteiro,2,1,1,1,Tem,Tem,Tem
402 Sofistica√ß√£o na melhor Localiza√ß√£o de SP402,79,4.59,Vila Buarque,Condom√≠nio inteiro,6,1,1,1,Tem,Tem,Tem
HOSPEDAGEM RODEADA DE √ÅREAS VERDES,99,,Vila Uberabinha,Quarto inteiro,2,1,1,1,N√£o tem,Tem,Tem
Studio Industrial Debru√ßado sobre SP - Ed. Copan!,291,4.84,Rep√∫blica,Apartamento inteiro,3,2,1,1,Tem,Tem,N√£o tem
"Lindo Est√∫dio moderno, Metr√¥ Anhangaba√∫. 9",74,4.88,Bela Vista,Condom√≠nio inteiro,2,1,1,1,Tem,Tem,Tem
Studio fant√°stico na regi√£o do Bela Vista APM1209,112,4.8,Bela Vista,Apartamento inteiro,2,1,1,1,Tem,Tem,Tem
Flat na Bela Cintra by Atlantica Residence,127,,flat,Quarto,2,1,1,1,Tem,Tem,Tem
‚≠ê Studio downtown s√£o Paulo,90,4.9,Consolacao,Apartamento inteiro,2,1,1,1,Tem,Tem,Tem
Luxury Duplex Vila Olimpia,295,5.0,Vila Ol√≠mpia,Apartamento inteiro,2,1,1,2,Tem,Tem,Tem
Flat 2 de luxo  Paulista - Ibirapuera,180,4.97,Jardim Paulista,Flat inteiro,4,2,1,1,Tem,Tem,Tem
Flat ao lado da Paulista e Augusta,149,5.0,Consolacao,Flat inteiro,4,1,1,1,N√£o tem,Tem,Tem
Apto Studio Impec√°vel no melhor do Centro de SP,128,4.6,Bela Vista,Apartamento inteiro,2,1,1,1,Tem,Tem,Tem
Excelente Apto no Bienal Suites (CASAL),120,4.84,Vila Clementino,Flat inteiro,2,1,1,1,N√£o tem,Tem,Tem
Flat novo ideal para casais e solteiros (15m2),57,4.78,Bom Retiro,Apartamento inteiro,2,1,0,1,Tem,Tem,Tem
Topo do Copan - 32¬∫ - Cama King Size - WiFi r√°pida,227,5.0,Rep√∫blica,Apartamento inteiro,2,0,0,1,Tem,Tem,N√£o tem
CasApp Studio Novinho no Cora√ß√£o de S√£o Paulo 616,113,4.88,Consolacao,Apartamento inteiro,2,1,1,1,Tem,Tem,Tem
Flat ao lado da Av. Paulista e Hospitais 3¬∞ andar,100,4.9,Bela Vista,Flat inteiro,3,3,1,1,Tem,Tem,N√£o tem
"loft completo, excelente localiza√ßao",119,,Itaim Bibi,Loft inteiro,4,2,1,1,Tem,Tem,Tem
#1404 - Cyclinn Faria Lima Pinheiros,211,4.97,Pinheiros,Apartamento inteiro,2,1,1,1,N√£o tem,Tem,Tem
"Studio na Vila Nova Concei√ß√£o, pr√≥x Pq. Ibirapuera",131,,Vila Nova Concei√ß√£o,Apartamento inteiro,2,1,1,1,Tem,Tem,Tem
Aconchego e tranquilidade,51,4.75,Consolacao,Loft inteiro,2,2,0,1,Tem,N√£o tem,N√£o tem
Metr√¥/Shopping/Hospitais/Augusta/Paulista/Centro.,130,4.93,Consolacao,Apartamento inteiro,4,2,1,1,Tem,Tem,Tem
Vintage House,55,4.84,Pinheiros,Quarto inteiro,1,1,1,1,Tem,Tem,N√£o tem
Studio Mobiliado com Sacada & Vista Incr√≠vel de SP,94,4.8,Bom Retiro,Condom√≠nio inteiro,2,1,1,1,N√£o tem,Tem,Tem
Studio Downtown Luz 1113,96,5.0,Centro,Apartamento inteiro,2,1,0,1,Tem,Tem,Tem
Studio completo ao lado da Avenida Paulista,100,4.77,Consolacao,Apartamento inteiro,2,1,1,1,Tem,Tem,Tem
Apartamento na Bela Vista 600 mts da Av. Paulista,150,5.0,Bela Vista,Condom√≠nio inteiro,3,1,1,1,Tem,Tem,Tem
Apto 5  ideal para 1 pessoa px metr√¥ imigrantes.,54,,Vila Firmiano Pinto,Condom√≠nio inteiro,1,1,0,1,Tem,Tem,N√£o tem
CasApp Studio Novinho no Cora√ß√£o de S√£o Paulo 103,108,4.63,Consolacao,Apartamento inteiro,2,1,1,1,Tem,Tem,Tem
Studio cora√ß√£o da V. Ol√≠mpia Pr√≥x ao Insper Wi-Fi,145,,Vila Ol√≠mpia,Loft inteiro,2,1,0,1,Tem,N√£o tem,Tem
Promo√ß√£o instant√¢nea mais benef√≠cio e menos custo,55,5.0,Itaim Bibi,Quarto inteiro,1,0,1,2,Tem,Tem,N√£o tem
#1404 - Cyclinn Faria Lima Pinheiros,211,4.97,Pinheiros,Apartamento inteiro,2,1,1,1,N√£o tem,Tem,Tem
Studio pr√≥ximo CGH /Studio near city Airport CGH.,109,4.83,Campo Belo,Loft inteiro,2,1,0,1,Tem,Tem,Tem
Super localiza√ß√£o no Itaim para se sentir em casa!,90,5.0,Itaim Bibi,Quarto inteiro,1,1,1,1,Tem,Tem,N√£o tem
Studio Compacto & Mobiliado com Wi-Fi e Smart TV!,91,4.89,S√©,Condom√≠nio inteiro,2,1,1,1,N√£o tem,Tem,Tem
Sky Paulic√©ia - CasApp Centro Hist√≥rico SP 414,111,4.8,Centro,Apartamento inteiro,2,1,1,1,Tem,Tem,Tem
Apto seguro e confort√°vel,89,,Br√°s,Condom√≠nio inteiro,4,1,1,1,Tem,N√£o tem,N√£o tem
Apartamento para 5 pessoas no Centro de S√£o Paulo,79,4.67,Rep√∫blica,Loft inteiro,5,3,0,1,Tem,Tem,Tem
Apartamento com vaga em bairro nobre | Itaim Bibi,260,4.95,Itaim Bibi,Apartamento inteiro,2,1,1,1,Tem,Tem,Tem
Confort√°vel espa√ßo. Pr√≥ximo ao metr√¥ e hospitais,84,5.0,Liberdade,Apartamento inteiro,3,1,0,1,Tem,Tem,N√£o tem
Transamerica Executive Ch√°cara Sto. Ant√¥nio,120,4.68,Ch√°cara Santo Ant√¥nio (Zona Sul),Flat inteiro,2,1,0,1,Tem,Tem,N√£o tem
Flat novo ideal para casais e solteiros (15m2),57,4.78,Bom Retiro,Apartamento inteiro,2,1,0,1,Tem,Tem,Tem
Studio Downtown S√£o Lu√≠s -Centro de SP (C/Garagem),128,4.96,Rep√∫blica,Apartamento inteiro,2,1,1,1,Tem,Tem,Tem
Sky Paulic√©ia - CasApp Centro Hist√≥rico SP 510,111,4.82,Centro,Apartamento inteiro,2,1,1,1,Tem,Tem,Tem
Studio Casal Mobiliado - Butant√£,90,,Ferreira,Condom√≠nio inteiro,2,0,1,1,Tem,Tem,N√£o tem
Freg do √ì /5Mint  Marg/F√°cil  acesso Allianz Park,72,4.88,Nossa Senhora do O,Casa inteira,6,2,2,1,Tem,Tem,N√£o tem
STD 1401. BEM-VINDO AO NOVO CENTRO DE S√ÉO PAULO!,107,4.75,Rep√∫blica,Apartamento inteiro,5,1,1,1,Tem,Tem,Tem
S170 - Novo e aconchegante pr√≥ximo a Av Paulista!,131,4.95,Consolacao,Loft inteiro,2,2,1,1,Tem,Tem,Tem
Lindo Studio em √≥tima localiza√ß√£o no centro de SP,99,4.69,Consolacao,Apartamento inteiro,5,3,1,1,Tem,Tem,Tem
Vista deslumbrante do Copan e Ed Italia,192,4.91,Rep√∫blica,Apartamento inteiro,2,1,1,1,Tem,Tem,Tem
BU202 Duplex amplo e encantador em Moema,276,4.84,Vila Uberabinha,Apartamento inteiro,4,2,1,2,Tem,Tem,Tem
Su√≠te Limpinha & Moderna com Wi-Fi e Portaria 24h!,118,4.73,Consolacao,Condom√≠nio inteiro,2,1,1,1,N√£o tem,Tem,Tem
"Studio com Sacada do 24¬∫ Andar, Vista & Cama Queen",99,4.7,S√©,Condom√≠nio inteiro,2,1,1,1,N√£o tem,Tem,Tem
Lindo Studio com Cozinha Compacta no Centro de SP,82,4.82,Bom Retiro,Condom√≠nio inteiro,2,1,1,1,N√£o tem,Tem,Tem
STD 507. AP√ä SUPER LINDO LARGO AROUCHE S√ÉO PAULO,90,4.83,Rep√∫blica,Apartamento inteiro,2,0,0,1,Tem,Tem,Tem
CasApp Studio Novinho no Cora√ß√£o de S√£o Paulo 506,106,4.92,Consolacao,Apartamento inteiro,2,1,1,1,Tem,Tem,Tem
Prox.metro/studio charmoso/na Rua Avanhandava,100,4.56,Consolacao,Apartamento inteiro,3,1,1,1,Tem,Tem,N√£o tem
Flat pr√≥x. metro Paulista e Consola√ß√£o,107,4.8,Consolacao,Apartamento inteiro,4,3,1,1,N√£o tem,Tem,Tem
LOFT - AWESOME S√ÉO PAULO VIEW,237,4.86,Vila Mariana,Loft inteiro,2,1,1,2,Tem,Tem,Tem
Novidade! Apto incr√≠vel e completo no Horizonte JK,364,4.89,Vila Ol√≠mpia,Apartamento inteiro,2,1,1,1,Tem,Tem,Tem
"BP22 Est√∫dio moderno, incr√≠vel cozinha avarandada!",206,4.73,Liberdade,Apartamento inteiro,4,2,1,1,Tem,Tem,Tem
Casa Est√∫dio Pr√≥x Av Paulista,130,4.87,Consolacao,Loft inteiro,2,1,1,1,Tem,Tem,Tem
Studio Descolado na S√© / Liberdade em Sao Paulo,80,,S√©,Apartamento inteiro,2,1,0,1,Tem,N√£o tem,Tem
AP906 Studio de Cinema na Bela Vista C.Vaga S/Taxa de APP,202,4.98,Bela Vista,Apartamento inteiro,3,2,1,1,Tem,Tem,N√£o tem
Studio nos Jardins pr√≥ximo ao metr√¥,190,4.8,Cerqueira C√©sar,Flat inteiro,2,1,1,1,Tem,Tem,Tem
"Downtown flat with one room
M√≠nimo 3 noites",100,4.51,Bela Vista,Flat inteiro,2,1,1,1,Tem,Tem,Tem
"809The Capital Flat Itaim (pool,gym,sauna & spa)",156,4.33,Itaim Bibi,Flat inteiro,2,2,1,1,Tem,Tem,Tem
FI235 Vista espetacular no Forma Itaim,297,4.75,Itaim Bibi,Apartamento inteiro,2,1,1,1,Tem,Tem,Tem
Studio Mobiliado com Sacada & Vista Incr√≠vel de SP,94,4.8,Bom Retiro,Condom√≠nio inteiro,2,1,1,1,N√£o tem,Tem,Tem
Studio Downtown Luz 1113,96,5.0,Centro,Apartamento inteiro,2,1,0,1,Tem,Tem,Tem
Studio completo ao lado da Avenida Paulista,100,4.77,Consolacao,Apartamento inteiro,2,1,1,1,Tem,Tem,Tem
Apartamento na Bela Vista 600 mts da Av. Paulista,150,5.0,Bela Vista,Condom√≠nio inteiro,3,1,1,1,Tem,Tem,Tem
Apto 5  ideal para 1 pessoa px metr√¥ imigrantes.,54,,Vila Firmiano Pinto,Condom√≠nio inteiro,1,1,0,1,Tem,Tem,N√£o tem
CasApp Studio Novinho no Cora√ß√£o de S√£o Paulo 103,108,4.63,Consolacao,Apartamento inteiro,2,1,1,1,Tem,Tem,Tem
Studio cora√ß√£o da V. Ol√≠mpia Pr√≥x ao Insper Wi-Fi,145,,Vila Ol√≠mpia,Loft inteiro,2,1,0,1,Tem,N√£o tem,Tem
Promo√ß√£o instant√¢nea mais benef√≠cio e menos custo,55,5.0,Itaim Bibi,Quarto inteiro,1,0,1,2,Tem,Tem,N√£o tem
#1404 - Cyclinn Faria Lima Pinheiros,211,4.97,Pinheiros,Apartamento inteiro,2,1,1,1,N√£o tem,Tem,Tem
Studio pr√≥ximo CGH /Studio near city Airport CGH.,109,4.83,Campo Belo,Loft inteiro,2,1,0,1,Tem,Tem,Tem
Super localiza√ß√£o no Itaim para se sentir em casa!,90,5.0,Itaim Bibi,Quarto inteiro,1,1,1,1,Tem,Tem,N√£o tem
Studio Compacto & Mobiliado com Wi-Fi e Smart TV!,91,4.89,S√©,Condom√≠nio inteiro,2,1,1,1,N√£o tem,Tem,Tem
Sky Paulic√©ia - CasApp Centro Hist√≥rico SP 414,111,4.8,Centro,Apartamento inteiro,2,1,1,1,Tem,Tem,Tem
Apto seguro e confort√°vel,89,,Br√°s,Condom√≠nio inteiro,4,1,1,1,Tem,N√£o tem,N√£o tem
Apartamento para 5 pessoas no Centro de S√£o Paulo,79,4.67,Rep√∫blica,Loft inteiro,5,3,0,1,Tem,Tem,Tem
Apartamento com vaga em bairro nobre | Itaim Bibi,260,4.95,Itaim Bibi,Apartamento inteiro,2,1,1,1,Tem,Tem,Tem
Confort√°vel espa√ßo. Pr√≥ximo ao metr√¥ e hospitais,84,5.0,Liberdade,Apartamento inteiro,3,1,0,1,Tem,Tem,N√£o tem
Transamerica Executive Ch√°cara Sto. Ant√¥nio,120,4.68,Ch√°cara Santo Ant√¥nio (Zona Sul),Flat inteiro,2,1,0,1,Tem,Tem,N√£o tem
Flat novo ideal para casais e solteiros (15m2),57,4.78,Bom Retiro,Apartamento inteiro,2,1,0,1,Tem,Tem,Tem
Studio Downtown S√£o Lu√≠s -Centro de SP (C/Garagem),128,4.96,Rep√∫blica,Apartamento inteiro,2,1,1,1,Tem,Tem,Tem
Sky Paulic√©ia - CasApp Centro Hist√≥rico SP 510,111,4.82,Centro,Apartamento inteiro,2,1,1,1,Tem,Tem,Tem
Studio Casal Mobiliado - Butant√£,90,,Ferreira,Condom√≠nio inteiro,2,0,1,1,Tem,Tem,N√£o tem
Freg do √ì /5Mint  Marg/F√°cil  acesso Allianz Park,72,4.88,Nossa Senhora do O,Casa inteira,6,2,2,1,Tem,Tem,N√£o tem
STD 1401. BEM-VINDO AO NOVO CENTRO DE S√ÉO PAULO!,107,4.75,Rep√∫blica,Apartamento inteiro,5,1,1,1,Tem,Tem,Tem
S170 - Novo e aconchegante pr√≥ximo a Av Paulista!,131,4.95,Consolacao,Loft inteiro,2,2,1,1,Tem,Tem,Tem
